{
	"parent": "obs:tips/biomes",
  "display": {
    "icon": {
      "id": "minecraft:gold_ingot"
    },
    "title": {
      "translate": "obs.tips.piglins.title",
      "fallback": "Pig Business"
    },
    "description": {
      "translate": "obs.tips.piglins.desc",
      "fallback": "Piglins and Zombified Piglins can now give you resources needed for nether blocks"
    },
    "show_toast": false,
    "announce_to_chat": false,
    "hidden": false
  },
  "criteria": {
    "requirement": {
      "trigger": "minecraft:tick"
    }
  }
}
