{"stats":{"minecraft:mined":{"minecraft:sugar_cane":3,"minecraft:sand":6},"minecraft:used":{"securitycraft:laser_block":2,"minecraft:sand":6,"minecraft:sugar_cane":7},"minecraft:custom":{"minecraft:jump":16,"minecraft:time_since_rest":2728,"minecraft:leave_game":2,"minecraft:play_time":2728,"minecraft:sprint_one_cm":2155,"minecraft:time_since_death":2728,"minecraft:walk_one_cm":3809,"minecraft:total_world_time":2728,"minecraft:fall_one_cm":478,"minecraft:fly_one_cm":30348},"minecraft:picked_up":{"minecraft:sand":6,"minecraft:sugar_cane":7}},"DataVersion":3465}